<?xml version="1.0" encoding="UTF-8"?>
<jobs xmlns="http://www.demandware.com/xml/impex/jobs/2015-07-01">
    <job job-id="SHGProductExportFeed" priority="0">
        <description/>
        <parameters/>
        <flow>
            <context site-id="RefArch"/>
            <step step-id="ShoppingGivesExportProductsFull" type="custom.shoppingGives.ExportProducts.full" enforce-restart="false">
                <description/>
                <parameters>
                    <parameter name="srcFolder">/src/shoppingGives/feeds/products/</parameter>
                </parameters>
            </step>
        </flow>
        <flow>
            <context site-id="RefArch"/>
            <step step-id="ShoppingGivesUploadProducts" type="custom.shoppingGives.UploadFiles" enforce-restart="false">
                <description/>
                <parameters>
                    <parameter name="srcFolder">/src/shoppingGives/feeds/</parameter>
                    <parameter name="remotePath">products/</parameter>
                    <parameter name="archivePath">/src/shoppingGives/feeds/products/archive</parameter>
                    <parameter name="deleteFile">true</parameter>
                </parameters>
            </step>
        </flow>
        <rules>
            <on-running runtime-threshold="60m" enabled="false">
                <mark-job-as-hanging/>
            </on-running>
        </rules>
        <triggers>
            <run-once enabled="false">
                <date>2023-02-09Z</date>
                <time>11:00:00.000Z</time>
            </run-once>
        </triggers>
    </job>
    <job job-id="SHGOrderExportFeedDelta" priority="0">
        <description/>
        <parameters/>
        <flow>
            <context site-id="RefArch"/>
            <step step-id="ShoppingGivesExportOrdersDelta" type="custom.shoppingGives.ExportOrders.delta" enforce-restart="false">
                <description/>
                <parameters>
                    <parameter name="srcFolder">/src/shoppingGives/feeds/order/</parameter>
                </parameters>
            </step>
        </flow>
        <flow>
            <context site-id="RefArch"/>
            <step step-id="ShoppingGivesUploadDeltaOrders" type="custom.shoppingGives.UploadFiles" enforce-restart="false">
                <description/>
                <parameters>
                    <parameter name="srcFolder">/src/shoppingGives/feeds/</parameter>
                    <parameter name="remotePath">orders/</parameter>
                    <parameter name="archivePath">/src/shoppingGives/feeds/orders/archive</parameter>
                    <parameter name="deleteFile">false</parameter>
                </parameters>
            </step>
        </flow>
        <rules>
            <on-running runtime-threshold="60m" enabled="false">
                <mark-job-as-hanging/>
            </on-running>
        </rules>
        <triggers>
            <run-once enabled="false">
                <date>2023-02-15Z</date>
                <time>15:26:00.000Z</time>
            </run-once>
        </triggers>
    </job>

    <job job-id="SHGOrderExportFeed" priority="0">
        <description/>
        <parameters/>
        <flow>
            <context site-id="RefArch"/>
            <step step-id="ShoppingGivesExportOrdersFull" type="custom.shoppingGives.ExportOrders.full" enforce-restart="false">
                <description/>
                <parameters>
                    <parameter name="srcFolder">/src/shoppingGives/feeds/orders/</parameter>
                </parameters>
            </step>
        </flow>
        <flow>
            <context site-id="RefArch"/>
            <step step-id="ShoppingGivesUploadOrders" type="custom.shoppingGives.UploadFiles" enforce-restart="false">
                <description/>
                <parameters>
                    <parameter name="srcFolder">/src/shoppingGives/feeds/</parameter>
                    <parameter name="remotePath">orders/</parameter>
                    <parameter name="archivePath">/src/shoppingGives/feeds/orders/archive</parameter>
                    <parameter name="deleteFile">false</parameter>
                </parameters>
            </step>
        </flow>
        <rules>
            <on-running runtime-threshold="60m" enabled="false">
                <mark-job-as-hanging/>
            </on-running>
        </rules>
        <triggers>
            <run-once enabled="false">
                <date>2023-02-09Z</date>
                <time>12:22:00.000Z</time>
            </run-once>
        </triggers>
    </job>

    <job job-id="SHGProductExportFeedDelta" priority="0">
        <description/>
        <parameters/>
        <flow>
            <context site-id="RefArch"/>
            <step step-id="ShoppingGivesExportProductsDelta" type="custom.shoppingGives.ExportProducts.delta" enforce-restart="false">
                <description/>
                <parameters>
                    <parameter name="srcFolder">/src/shoppingGives/feeds/products/</parameter>
                </parameters>
            </step>
        </flow>
        <flow>
            <context site-id="RefArch"/>
            <step step-id="ShoppingGivesUploadDeltaProducts" type="custom.shoppingGives.UploadFiles" enforce-restart="false">
                <description/>
                <parameters>
                    <parameter name="srcFolder">/src/shoppingGives/feeds/</parameter>
                    <parameter name="remotePath">products/</parameter>
                    <parameter name="archivePath">/src/shoppingGives/feeds/products/archive</parameter>
                    <parameter name="deleteFile">true</parameter>
                </parameters>
            </step>
        </flow>
        <rules>
            <on-running runtime-threshold="60m" enabled="false">
                <mark-job-as-hanging/>
            </on-running>
        </rules>
        <triggers>
            <run-once enabled="false">
                <date>2023-02-17Z</date>
                <time>08:10:00.000Z</time>
            </run-once>
        </triggers>
    </job>

</jobs>
