<?xml version="1.0" encoding="UTF-8"?>
<services xmlns="http://www.demandware.com/xml/impex/services/2014-09-26">
    <service-credential service-credential-id="shoppinggives.s3.cred">
        <url>https://s3.us-west-1.amazonaws.com</url>
        <user-id/>
        <password masked="true">********</password>
    </service-credential>

    <service-profile service-profile-id="shoppinggives.profile">
        <timeout-millis>3000</timeout-millis>
        <rate-limit-enabled>false</rate-limit-enabled>
        <rate-limit-calls>0</rate-limit-calls>
        <rate-limit-millis>0</rate-limit-millis>
        <cb-enabled>true</cb-enabled>
        <cb-calls>0</cb-calls>
        <cb-millis>0</cb-millis>
    </service-profile>

    <service service-id="shoppinggives.s3">
        <service-type>HTTP</service-type>
        <enabled>true</enabled>
        <log-prefix>shoppingGives</log-prefix>
        <comm-log-enabled>true</comm-log-enabled>
        <force-prd-enabled>false</force-prd-enabled>
        <mock-mode-enabled>false</mock-mode-enabled>
        <profile-id>shoppinggives.profile</profile-id>
        <credential-id>shoppinggives.s3.cred</credential-id>
    </service>

</services>
