<?xml version="1.0" encoding="UTF-8"?>
<preferences xmlns="http://www.demandware.com/xml/impex/preferences/2007-03-31">
    <custom-preferences>
        <development>
            <preference preference-id="shoppingGivesEnabled">true</preference>
            <preference preference-id="shoppingGivesStoreId">d73a81a0ff044b42939067a29f8d0c34</preference>
            <preference preference-id="shoppingGivesS3AccessKey">AKIAWWLMIA74RCV33THR</preference>
            <preference preference-id="shoppingGivesS3SecretKey">CMvdLHx6ks3DOyJi7vvQzjfTgG/I3FLay9MP0eZpuOb5tPgtmrYIbzvQopT7C4FwrKzYtC9pqYYIJyGlyFH/dYPbeNYZahrSzrHmJF/bk+g=</preference>
            <preference preference-id="shoppingGivesS3Bucket">sg-merchant-etl-staging</preference>
            <preference preference-id="shoppingGivesS3Region">us-west-1</preference>
            <preference preference-id="shoppingGivesOrderExportStatusToExport">
                <value>EXPORT_STATUS_EXPORTED</value>
            </preference>
            <preference preference-id="shoppingGivesLastOrderSync">2023-03-20T14:06:00.000+0000</preference>
            <preference preference-id="shoppingGivesLastProductSync">2023-03-20T14:31:04.000+0000</preference>
        </development>
    </custom-preferences>
</preferences>

