<?xml version="1.0" encoding="UTF-8"?>
<metadata xmlns="http://www.demandware.com/xml/impex/metadata/2006-10-31">
    <type-extension type-id="Order">
        <custom-attribute-definitions>
            <attribute-definition attribute-id="shoppingGivesTrackingId">
                <display-name xml:lang="x-default">ShoppingGives Tracking ID</display-name>
                <description xml:lang="x-default">ShoppingGives Tracking ID</description>
                <type>string</type>
                <mandatory-flag>false</mandatory-flag>
                <externally-managed-flag>false</externally-managed-flag>
                <min-length>0</min-length>
            </attribute-definition>
        </custom-attribute-definitions>
        <group-definitions>
            <attribute-group group-id="ShoppingGives">
                <display-name xml:lang="x-default">Shopping Gives</display-name>
                <attribute attribute-id="shoppingGivesTrackingId"/>
            </attribute-group>
        </group-definitions>
    </type-extension>

    <type-extension type-id="SitePreferences">
        <custom-attribute-definitions>
            <attribute-definition attribute-id="shoppingGivesEnabled">
                <display-name xml:lang="x-default">ShoppingGives Enabled</display-name>
                <description xml:lang="x-default">ShoppingGives Cartridge Enabled</description>
                <type>boolean</type>
                <mandatory-flag>false</mandatory-flag>
                <externally-managed-flag>false</externally-managed-flag>
                <default-value>false</default-value>
            </attribute-definition>
            <attribute-definition attribute-id="shoppingGivesStoreId">
                <display-name xml:lang="x-default">ShoppingGives Store ID</display-name>
                <description xml:lang="x-default">ShoppingGives Store ID</description>
                <type>string</type>
                <mandatory-flag>false</mandatory-flag>
                <externally-managed-flag>false</externally-managed-flag>
                <min-length>0</min-length>
            </attribute-definition>
            <attribute-definition attribute-id="shoppingGivesS3AccessKey">
                <display-name xml:lang="x-default">ShoppingGives S3 Access Key</display-name>
                <description xml:lang="x-default">ShoppingGives S3 Access Key</description>
                <type>string</type>
                <mandatory-flag>false</mandatory-flag>
                <externally-managed-flag>false</externally-managed-flag>
                <min-length>0</min-length>
            </attribute-definition>
            <attribute-definition attribute-id="shoppingGivesS3SecretKey">
                <display-name xml:lang="x-default">ShoppingGives S3 Secret Key</display-name>
                <description xml:lang="x-default">ShoppingGives S3 Secret Key</description>
                <type>password</type>
                <mandatory-flag>false</mandatory-flag>
                <externally-managed-flag>false</externally-managed-flag>
            </attribute-definition>
            <attribute-definition attribute-id="shoppingGivesS3Bucket">
                <display-name xml:lang="x-default">ShoppingGives S3 Bucket</display-name>
                <description xml:lang="x-default">ShoppingGives S3 Bucket</description>
                <type>string</type>
                <mandatory-flag>false</mandatory-flag>
                <externally-managed-flag>false</externally-managed-flag>
                <min-length>0</min-length>
            </attribute-definition>
            <attribute-definition attribute-id="shoppingGivesS3Region">
                <display-name xml:lang="x-default">ShoppingGives S3 Region</display-name>
                <description xml:lang="x-default">ShoppingGives S3 Region</description>
                <type>string</type>
                <mandatory-flag>false</mandatory-flag>
                <externally-managed-flag>false</externally-managed-flag>
                <min-length>0</min-length>
            </attribute-definition>
            <attribute-definition attribute-id="shoppingGivesOrderExportStatusToExport">
                <display-name xml:lang="x-default">ShoppingGives Order Export Status To Export</display-name>
                <description xml:lang="x-default">ShoppingGives Order Statuses To Export</description>
                <type>set-of-string</type>
                <mandatory-flag>false</mandatory-flag>
                <externally-managed-flag>false</externally-managed-flag>
                <default-value>EXPORT_STATUS_EXPORTED</default-value>
            </attribute-definition>
            <attribute-definition attribute-id="shoppingGivesLastOrderSync">
                <display-name xml:lang="x-default">ShoppingGives Last Order Sync</display-name>
                <description xml:lang="x-default">ShoppingGives Last Order Sync</description>
                <type>datetime</type>
                <mandatory-flag>false</mandatory-flag>
                <externally-managed-flag>false</externally-managed-flag>
            </attribute-definition>
            <attribute-definition attribute-id="shoppingGivesLastProductSync">
                <display-name xml:lang="x-default">ShoppingGives Last Product Sync</display-name>
                <description xml:lang="x-default">ShoppingGives Last Product Sync</description>
                <type>datetime</type>
                <mandatory-flag>false</mandatory-flag>
                <externally-managed-flag>false</externally-managed-flag>
            </attribute-definition>
            <attribute-definition attribute-id="shoppingGivesProductAssociatedGroupsID">
                <display-name xml:lang="x-default">ShoppingGives Product AssociatedGroups ID</display-name>
                <type>string</type>
                <mandatory-flag>false</mandatory-flag>
                <externally-managed-flag>false</externally-managed-flag>
                <min-length>0</min-length>
            </attribute-definition>
            <attribute-definition attribute-id="shoppingGivesProductTagsID">
                <display-name xml:lang="x-default">ShoppingGives Product Tags ID</display-name>
                <type>string</type>
                <mandatory-flag>false</mandatory-flag>
                <externally-managed-flag>false</externally-managed-flag>
                <min-length>0</min-length>
            </attribute-definition>
        </custom-attribute-definitions>
        <group-definitions>
            <attribute-group group-id="ShoppingGivesConfigs">
                <display-name xml:lang="x-default">Shopping Gives Configurations</display-name>
                <attribute attribute-id="shoppingGivesEnabled"/>
                <attribute attribute-id="shoppingGivesS3AccessKey"/>
                <attribute attribute-id="shoppingGivesS3SecretKey"/>
                <attribute attribute-id="shoppingGivesStoreId"/>
                <attribute attribute-id="shoppingGivesS3Bucket"/>
                <attribute attribute-id="shoppingGivesS3Region"/>
                <attribute attribute-id="shoppingGivesOrderExportStatusToExport"/>
                <attribute attribute-id="shoppingGivesLastOrderSync"/>
                <attribute attribute-id="shoppingGivesLastProductSync"/>
                <attribute attribute-id="shoppingGivesProductAssociatedGroupsID"/>
                <attribute attribute-id="shoppingGivesProductTagsID"/>
            </attribute-group>
        </group-definitions>
    </type-extension>
    <type-extension type-id="TrackingRef"/>

</metadata>
