<?xml version="1.0" encoding="UTF-8"?>
<preferences xmlns="http://www.demandware.com/xml/impex/preferences/2007-03-31">
    <custom-preferences>
        <development>
            <preference preference-id="shoppingGivesEnabled">true</preference>
            <preference preference-id="shoppingGivesStoreId">d73a81a0ff044b42939067a29f8d0c34</preference>
            <preference preference-id="shoppingGivesS3AccessKey">AKIAWWLMIA74VBTAJD4A</preference>
            <preference preference-id="shoppingGivesS3SecretKey">F2pFh9AAmQrux9dc7poFD8EmNzEe6XSpEJOomlbg9bzxWWNo3u1Pyi9FR5fi4v4oSWzYrSjPvQ4uvP+JPPcERjks838PZL/rtDcZekE7Yg8=</preference>
            <preference preference-id="shoppingGivesS3Bucket">sg-merchant-etl-staging</preference>
            <preference preference-id="shoppingGivesS3Region">us-west-1</preference>
            <preference preference-id="shoppingGivesOrderExportStatusToExport">
                <value>EXPORT_STATUS_EXPORTED</value>
            </preference>
            <preference preference-id="shoppingGivesLastOrderSync">2023-03-20T12:34:30.000+0000</preference>
            <preference preference-id="shoppingGivesLastProductSync">2023-03-20T14:31:04.000+0000</preference>
        </development>
    </custom-preferences>
</preferences>

